id,name,email,gender,active
3484,Dhaanyalakshmi Dubashi,dhaanyalakshmi_dubashi@wunsch.com,male,False
3483,Kamlesh Kocchar,kocchar_kamlesh@ankunding-daugherty.com,male,False
3482,Akshata Talwar,akshata_talwar@ankunding-gutmann.co,female,True
3481,Kanchan Nehru,kanchan_nehru@king-schmidt.com,male,False
3480,Preity Varma DO,do_preity_varma@bosco.biz,male,True
3479,Mrs. Achyut Mishra,mrs_mishra_achyut@carter.co,male,False
3478,The Hon. Usha Guneta,guneta_usha_the_hon@ernser-quigley.name,male,True
3477,Ms. Gopaal Varman,varman_gopaal_ms@heathcote.biz,female,True
3476,Aadrika Rana,aadrika_rana@rempel.name,male,True
3475,Chakradhar Dwivedi,chakradhar_dwivedi@shanahan-murray.info,male,False
3474,Ekaksh Tandon,ekaksh_tandon@jacobs.org,female,True
3473,Atmanand Sethi,sethi_atmanand@huel-bayer.biz,female,True
3472,Shivakari Johar,shivakari_johar@donnelly-bradtke.name,male,True
3471,Rev. Ekaaksh Ahluwalia,ahluwalia_ekaaksh_rev@kautzer-prohaska.io,male,True
3470,Bhadrak Chattopadhyay Esq.,esq_bhadrak_chattopadhyay@ohara.name,male,True
3469,Deepali Shah,shah_deepali@mueller.io,female,False
3468,Vishnu Malik,vishnu_malik@renner.biz,female,True
3467,Dhanalakshmi Sharma,dhanalakshmi_sharma@hickle.net,female,False
3466,Minakshi Chattopadhyay II,ii_chattopadhyay_minakshi@volkman-toy.name,male,False
3465,Chetanaanand Ganaka,chetanaanand_ganaka@damore.org,female,True
